Round,Train_accuray,Test_accuray,Test_validationset_accuray,Train_FNR,Test_FNR,Test_validationset_FNR,accuracy,f1,precision,MCR on train data,MCR on test data,AvgD on train data,AvgD on test data,retrain_time
0.0,0.9604871097292396,0.9562087582483504,0.9562087582483504,0.0463082068433239,0.04722056186491333,0.04722056186491333,0.9562612342720191,0.9562087582483504,0.9596628537025887,0.9961409827630563,0.99581589958159,39.51420454545455,39.47539015606242,343.12423118399965
1.0,0.976,0.0,0.9594430992736077,0.01546738399462004,0.0,0.028203556100551808,0.9599521817095039,0.9594430992736077,0.9717964438994482,0.9655261126833034,0.9689181111775254,61.142019717559286,61.1122763726095,365.7843556529988
2.0,0.9782702796294693,0.0,0.9579524680073126,0.013272790778903249,0.0,0.022995649471721565,0.958756724447101,0.9579524680073126,0.9770043505282784,0.9984563931052225,0.9988045427375971,32.10255088894615,34.64811490125673,423.6014749240021
3.0,0.978174259483804,0.0,0.9579268292682926,0.013279748383714835,0.0,0.0224019912881145,0.958756724447101,0.9579268292682926,0.9775980087118855,0.9804476459994854,0.9856545128511656,34.868013644712676,40.75680933852139,477.47245873800057
4.0,0.9520649488175079,0.0,0.8994878361075543,0.029644553173118433,0.0,0.03170227429359063,0.9061566049013747,0.8994878361075543,0.9682977257064094,0.29148443529714435,0.2857142857142857,20.64430714916152,33.94567901234568,312.1695147570026
5.0,0.9523169009348309,0.0,0.8983104877271277,0.031066100999042015,0.0,0.03756830601092896,0.9046622833233712,0.8983104877271277,0.962431693989071,0.18909184461023926,0.19067543335325762,11.323809523809523,7.187499999999999,199.69889624200368
6.0,0.9560466848770797,0.0,0.9000319386777387,0.031080911035610923,0.0,0.033607681755829906,0.9064554692169755,0.9000319386777387,0.96639231824417,0.23668639053254437,0.2355050806933652,7.663043478260869,19.52054794520548,137.73392872399927
7.0,0.9556594948550048,0.0,0.9,0.032453592625331484,0.0,0.03680981595092025,0.9061566049013747,0.9,0.9631901840490797,0.2402881399536918,0.24327555289898387,5.875802997858672,17.136054421768705,177.08210315599717
8.0,0.9486082779495952,0.0,0.9021601016518425,0.034427327528466174,0.0,0.03728813559322034,0.9079497907949791,0.9021601016518425,0.9627118644067797,0.24954978132235658,0.25044829647340106,9.496907216494845,22.225108225108226,139.60339975399984
9.0,0.9538763493621196,0.0,0.9041878172588832,0.03174392349581618,0.0,0.036511156186612576,0.9097429766885834,0.9041878172588832,0.9634888438133874,0.1811165423205557,0.18230723251643755,6.615056818181818,11.206642066420665,190.17153344100007
