,activity,feature,intent,permission,provider,service_receiver
0,8.485919648429237,2.3259970071601743,3.4201893081916857,8.751094621035005,1.1494520124463385,15.81847462989753
1,2.5374443918120413,1.3962334796351907,1.245506183467413,0.6813577139560674,,
2,3.1756401310986413,1.0285697861653404,0.9654998291183816,1.3336624799376444,,
3,0.9283810431632014,0.5788671016569404,0.27480112974593657,3.142252336783571,,
4,0.9297092945012141,0.5808038905558883,0.16442134409166828,3.416371847845156,0.9798620270954512,
5,0.9227357613235353,0.5919946621322568,1.306524806508858,5.4724856187726605,0.9724400909968097,
6,0.9188820295464304,0.2444289330330283,1.931594329842287,7.891384938989529,0.9671094147724676,
7,0.9208305528374578,0.9141228784821617,2.291538587479587,8.496463430446799,0.9719456575077455,
8,0.9235049388374476,1.5469555703979552,2.8798458770227655,10.026257358100725,0.9693081556120635,
9,1.7783315577069685,1.5497249151621442,2.8678796201678627,10.381719668771508,0.9695286582433619,
10,1.8909696576367392,1.6915474519849403,2.8621511425285378,10.32605259144932,0.9695290337127174,0.9507882558741759
11,1.8922321442306835,1.857788167094287,2.864120035927362,11.769252309057547,0.9748758407588118,0.9478973224762568
12,1.9027981609001428,2.1843681841161313,3.47367685825378,13.152339793425801,0.9702300435038863,1.4804649992383525
13,1.8920545190558393,2.913212663494617,4.746582380853439,15.022068554442509,0.9724646566975461,1.9061010781267647
14,1.9067980369167852,3.173408073457228,4.77650397230151,16.12719525599867,0.9714644256834554,1.9103954285509366
15,1.8948646490788226,3.1496012974140424,4.744936977095697,16.428917624980386,0.9687514939313642,1.905685498158477
16,1.9110057662488393,3.7697209034129053,4.773664890895573,16.432019499867828,0.9685814388103413,1.9117114636349064
17,2.8034480343450423,4.1342705410042315,5.057195526897419,17.31166432176243,0.9660439933424524,1.9098977083287563
18,2.8938027032021894,4.113078737964075,5.761264075086197,18.10773665217925,0.9715681009265976,2.829815056907886
19,2.890300527912382,4.132874617114931,6.4137456926682,17.475049002525118,0.9707528207822893,2.8984223649595338
20,2.9023499438154516,4.143677752405712,6.67133758990873,18.636483523514002,0.9688294083552726,2.887892776394281
21,2.899020006135534,4.15413944139188,6.684999185848139,19.701634026262383,0.9708004810240534,2.8970543587740254
22,2.8945112377223934,4.478145410435532,6.683135255954559,20.431674879592986,0.9708526144799831,2.89875842414693
23,2.893726979603142,4.8659130438015765,6.684673776812158,20.409485201461614,0.9723451796162472,2.895539778142961
24,3.116335418544821,5.434126026558809,6.674074956848002,20.72745735764588,0.9664387678012386,2.892743894478641
25,3.954934446885221,6.489079822613193,6.692284675149229,21.403435264334636,0.971573442407932,2.8985023184445655
26,4.877346499089735,6.496825876963155,6.715974595196657,21.38503002823379,0.9700813144418439,2.891568341217852
27,4.880480139583097,6.4646911423534075,6.697758120434448,21.308110631827727,0.9718178637813548,4.042664998025375
28,5.358250657029629,6.493815782893044,6.685587551020973,21.288194788101112,0.9724175303522028,4.8610146735185005
29,5.834629346779991,6.519688382187604,6.690694026009786,21.27119655843018,0.9704838715095024,4.994396731473734
30,5.840571173150861,6.4522461898303805,6.6960530027268135,21.697243917891935,0.9707942461394937,5.87009625764086
31,6.543887850094858,6.486698799450048,6.681974040939684,22.21189803545694,0.9706727455753908,5.862035753983635
32,7.7544238062866775,6.520213730021029,6.693682722522114,22.263283437312698,0.9689549509058991,5.849721785380633
33,7.634672277452262,5.934408158051373,6.655341043566009,22.430847026734288,0.9728512789723633,6.799782060109284
34,7.007313614196046,5.819778463275554,6.702869167549681,22.214597205246168,0.9735751242241389,5.848750922012719
35,7.7891586176437775,5.848228346277159,6.703660947886381,22.24933852092367,0.968322066873112,5.845856243071214
36,7.78123977027955,5.787353317012519,6.68272459421275,22.724420615372864,0.9637471171079149,5.852983501851346
37,8.514109788367795,5.8124113062545595,6.697092668222909,23.130879462080628,0.9669873763425331,5.853013512597151
38,8.780743402502376,5.835816711704747,6.669750256665338,23.157967513660125,0.9676670008471764,5.847240308295916
39,8.772317437849017,5.775925591637417,6.703604930305709,23.09584829372661,0.9713670545714612,6.739230611797226
40,8.773741886063393,5.840713897772247,6.686521616878777,23.22122725231374,0.9676783920563587,6.841105490570692
41,9.917287027266083,5.841510945409257,6.668766757711062,23.153645568747017,0.9719703237621792,6.837953235697747
42,10.649606771258876,5.807483675994429,6.705383693736777,23.150172982707797,0.9717995479886651,6.850180096523389
43,10.676314211610832,5.83748889855443,6.684055873302628,23.117867377399218,0.9659450378379906,7.733768459218257
44,10.876790004727859,5.838486709357566,6.6936592135450095,23.213516898228796,0.9696192217011734,7.886011720863028
45,11.64001733425868,5.849324079514714,6.676428395144205,23.153259060631623,0.9704884587020256,9.477457192203147
46,11.615940526531315,5.798008786392825,6.709910726054126,23.886813854587427,0.9741315343082292,9.824062955985967
47,11.626798251207813,5.823642280563484,6.693168212545493,24.127360719673757,0.9721151971156071,8.880499557285317
48,11.372780834517107,5.822989695254495,6.700519036292399,23.7198781610302,0.968451160546331,9.812789560704145
49,11.529423977080148,5.842298150765334,6.6869231255301,23.68239155800455,0.9735970578093393,9.265426918642376
